Tecnica,Media,Desviación Estándar
Label Encoding,577.9,195.7046811453988
One Hot Encoding,0.3333333333333333,0.4772430631967206
Variables Dummies,0.3333333333333333,0.4772430631967206
StandardScaler,1.1102230246251565e-16,1.05409255338946
MinMaxScaler,0.5263265306122451,0.39939730845999766
RobustScaler,0.18059810357403355,0.5709837524300476
PowerTransformer,1.254552017826427e-15,1.0540925533894596
Normalizer,0.26339410089936544,0.0034502612630453984
