Técnica,Media,Desviación estándar
Original,577.9,195.7046811453988
StandardScaler,1.1102230246251565e-16,1.05409255338946
MinMaxScaler,0.5263265306122451,0.39939730845999766
RobustScaler,0.18059810357403355,0.5709837524300476
Log,6.306950206685116,0.35158479779213786
Sqrt,23.720282554281273,4.116119470388436
BoxCox,1.254552017826427e-15,1.0540925533894596
Normalized,1.0,0.0
